title,geo_division
Qi bai ma,Northwest
"Wang ersao guonian, 1)",Northeast
"Wang ersao guonian, 2)",Northeast
Yaolan qu,Northeast
Guizhou Shange,Southwest
Qing nian can jun,Northeast
Yuanxiao guandeng,Southwest
Rengong Haozi (Renche Haozi),Central
Dawo ge,Central
Xiu hebao,Northwest
Dachui Shaozi,Southwest
Duan youtong haozi,Northeast
Yuanjia tihu ba jiuquan,Southwest
Bawang Haozi,Jiangzhe
Wanzi Ge,Null
Women shange niumao duo,Central
Danchui da gu sheng bu xiang,Southwest
Wo zai Guizhou guiyang fu,Southwest
Maofeng xiy,Southwest
Taiyang chushangang,Southwest
Shangchashan,Southwest
Hongjun laidao zunyicheng,Southwest
Hongjun kaidao loushanguan,Southwest
Renren doushuo hongjunhao,Southwest
Wanren changqi fanshenge,Southwest
Gongchan dang laile,Southwest
He bian ge,Southwest
A xi li xi,Southwest
Kong qi qu,Northeast
Hao hua hong,Southwest
Ke laidao jia le,Southwest
Unbekannt,Null
Zhai cai Xiaodiao,Southwest
He bian ge,Southwest
Gadameiling,Neimeng
Mu ge,Neimeng
Senjidema,Neimeng
Amaleihuo,Zang
Nianqing de pengyou,Zang
Wo shi rikeze ren,Zang
Zhai cai Xiaodiao,Southwest
Gechang meili de jiaxiang,Southwest
Jiu bu chang ge wangji ge,Southwest
Xiao shanyang (1),Southwest
Xiao shanyang (2),Southwest
Chiu K'uang (Jiu guang: Weintrunkenheit),Null
Yang-Guan San Tie (Abschied der Freunde am Yang-Guan,Null
Xiu4 he2 ba1o,Northwest